{
  "Accuracy": 0.956140350877193,
  "F1_Score": 0.9659863945578231,
  "Precision": 0.9466666666666667,
  "Recall": 0.9861111111111112,
  "ROC_AUC": 0.9927248677248677,
  "n_train": 455,
  "n_test": 114,
  "n_features": 30
}