{
  "Accuracy": 0.9912126537785588,
  "F1_Score": 0.99302649930265,
  "Precision": 0.9888888888888889,
  "Recall": 0.9971988795518207,
  "ROC_AUC": 0.9992204428941387
}